sentiment,text,user
"negative","RT @ScienceWDrDoug: I donâ€™t know what conclusion to draw from the synthesis of all the data from the last 30 months other than this: Thereâ€¦","Bitcoin_org_"
"neutral","RT @markabelan: Visualizing the Biomass of Life ğŸ¦ŠğŸ¦€ğŸ¬ğŸ¦ğŸ¦ƒğŸ“ğŸ¦©ğŸ¦†ğŸŒ³â˜˜ï¸ğŸ„ğŸŒ¼ğŸŒ #biomass #infographic #dataviz #datavisualization #EarthDay22 #earthday #sciâ€¦","ValtteriAaltone"
"neutral","RT @Abdelbadia_07: Data science interview questions. #BigData #Analytics #DataScience #AI #MachineLearning #IoT #IIoT #PyTorch #Python #RStâ€¦","Ghebtech"
"neutral","RT @AsifAli02470010: Data science Timeline.\n #BigData #Analytics #DataScience #AI #MachineLearning #IoT #IIoT #PyTorch #Python #RStats #Tenâ€¦","pedrohuerta"
"neutral","RT @markabelan: Visualizing the Biomass of Life ğŸ¦ŠğŸ¦€ğŸ¬ğŸ¦ğŸ¦ƒğŸ“ğŸ¦©ğŸ¦†ğŸŒ³â˜˜ï¸ğŸ„ğŸŒ¼ğŸŒ #biomass #infographic #dataviz #datavisualization #EarthDay22 #earthday #sciâ€¦","ctntomp"
"neutral","RT @markabelan: Visualizing the Biomass of Life ğŸ¦ŠğŸ¦€ğŸ¬ğŸ¦ğŸ¦ƒğŸ“ğŸ¦©ğŸ¦†ğŸŒ³â˜˜ï¸ğŸ„ğŸŒ¼ğŸŒ #biomass #infographic #dataviz #datavisualization #EarthDay22 #earthday #sciâ€¦","mael_reboux_bzh"
"positive","RT @mariofilhoml: good morning\n\nmotivation for data science learners:\n\nI had to google \"rmsle formula\" today, even though I used it 1291823â€¦","rymondug"
"neutral","RT @markabelan: Visualizing the Biomass of Life ğŸ¦ŠğŸ¦€ğŸ¬ğŸ¦ğŸ¦ƒğŸ“ğŸ¦©ğŸ¦†ğŸŒ³â˜˜ï¸ğŸ„ğŸŒ¼ğŸŒ #biomass #infographic #dataviz #datavisualization #EarthDay22 #earthday #sciâ€¦","spiraldream"
"neutral","@struikmans @BM_Visser en wanneer onze energie-economen door hebbend at continu negatieve prijzen eigenlijk geen buâ€¦ https://t.co/AMFT5NxvIR","science_dirk"
"positive","RT @Shubham_RI: If we see data on religions, there is diminishing influence of it overall &amp; on other hand if we see there is rise in new thâ€¦","jeri_ll"
"neutral","RT @markabelan: Visualizing the Biomass of Life ğŸ¦ŠğŸ¦€ğŸ¬ğŸ¦ğŸ¦ƒğŸ“ğŸ¦©ğŸ¦†ğŸŒ³â˜˜ï¸ğŸ„ğŸŒ¼ğŸŒ #biomass #infographic #dataviz #datavisualization #EarthDay22 #earthday #sciâ€¦","pekkakam"
"neutral","Data science could revive targeted marketing after iOS 14 privacy crackdown https://t.co/VXaJ17Pw83","chrisneel"
"neutral","ã€ãƒ‡ãƒ¼ã‚¿ç§‘å­¦ä¾¿è¦§ã€‘\nRã«ã‚ˆã‚‹ãƒ—ãƒ­ã‚°ãƒ©ãƒŸãƒ³ã‚°è¨€èªã®æ›¸ãæ–¹ã‚„ä½¿ç”¨æ–¹æ³•ãŒã¾ã¨ã‚ã‚‰ã‚Œã¦ã„ã‚‹ã€‚\nã¾ãŸã€Rã ã‘ã§ãªãPhythonãªã©ã®è¨€èªã‚‚æ‰±ã£ã¦ã„ã‚‹(å°‚é–€å¤–ãªã®ã§ã•ã£ã±ã‚Šã‚ã‹ã‚Šã¾ã›ã‚“)\nhttps://t.co/iG3hCRrWO6","bot_tips"
"negative","RT @dgurdasani1: On science communication:\n\nMe: Deaths with COVID-19 are at 1,956/wk - not clear about peak. ONS death certification data lâ€¦","JaenieMc"
"positive","Books to learn Data Science.\nhttps://t.co/9faS4TRdx6\nThe best knowledge is still placed in the libraries; within boâ€¦ https://t.co/MECZdm01OB","M157q_News_RSS"
"neutral","Books to learn Data Science.\nhttps://t.co/4CweLx2Vom","feedpushr"
"neutral","RT @markabelan: Visualizing the Biomass of Life ğŸ¦ŠğŸ¦€ğŸ¬ğŸ¦ğŸ¦ƒğŸ“ğŸ¦©ğŸ¦†ğŸŒ³â˜˜ï¸ğŸ„ğŸŒ¼ğŸŒ #biomass #infographic #dataviz #datavisualization #EarthDay22 #earthday #sciâ€¦","Psydefisch"
"neutral","RT @markabelan: Visualizing the Biomass of Life ğŸ¦ŠğŸ¦€ğŸ¬ğŸ¦ğŸ¦ƒğŸ“ğŸ¦©ğŸ¦†ğŸŒ³â˜˜ï¸ğŸ„ğŸŒ¼ğŸŒ #biomass #infographic #dataviz #datavisualization #EarthDay22 #earthday #sciâ€¦","Maiquelnait1"
"neutral","RT @money_personal: Introduction to Data Science and scikit-learn in Python\n#Introduction #Science #scikitlearn #Python\nLearnQuest\n-&gt; httpsâ€¦","XeronBot"
"neutral","RT @Kynsofficial: I want to learn\n\nâ€”&gt;App Development(Flutter/Dart)\nâ€”&gt;Web Development\nâ€”&gt;Python\nâ€”&gt;Data Science and Analysis\nâ€”&gt;Software Engineâ€¦","PythonRoboto"
"neutral","Introduction to Data Science and scikit-learn in Python\n#Introduction #Science #scikitlearn #Python\nLearnQuest\n-&gt; https://t.co/DAFnHG61v3","money_personal"
"negative","RT @ScienceWDrDoug: I donâ€™t know what conclusion to draw from the synthesis of all the data from the last 30 months other than this: Thereâ€¦","MagaZordon"
"negative","RT @IainLJBrown: Importance of Data Science and Artificial Intelligence in education sector - The Hans India\n\nRead more here: https://t.co/â€¦","juandoming"
"neutral","RT @ChoicesMatter_: \"#GetVaccinated or else!\" B/c nothing says \"#SafeandEffective\" like having ğ—­ğ—˜ğ—¥ğ—¢ liability when injury/death happens posâ€¦","TheTheGrinch7"
"neutral","Data Science Notebook Life-Hacks I Learned From Ploomber #machinelearning #ml #ai  https://t.co/KgNIubxr6Y","web4x4_es"
"neutral","RT @markabelan: Visualizing the Biomass of Life ğŸ¦ŠğŸ¦€ğŸ¬ğŸ¦ğŸ¦ƒğŸ“ğŸ¦©ğŸ¦†ğŸŒ³â˜˜ï¸ğŸ„ğŸŒ¼ğŸŒ #biomass #infographic #dataviz #datavisualization #EarthDay22 #earthday #sciâ€¦","FabienMalbet"
"positive","RT @karkidijob: 20,000+ new jobs for Data Science, AI/ML Jobs in USA #hiring | Karkidi\n\n#rprogramming #pythonprogramming #DataScience #Dataâ€¦","TheCuriousLuke"
"positive","RT @AUA_sec: The AUA Board Meeting 2022, held on April 22, confirmed the AUA themes for the next three years: AI and Data Science, Asian Ciâ€¦","PublicHealthBot"
"positive","RT @karkidijob: 20,000+ new jobs for Data Science, AI/ML Jobs in USA #hiring | Karkidi\n\n#rprogramming #pythonprogramming #DataScience #Dataâ€¦","XeronBot"
"positive","RT @karkidijob: 20,000+ new jobs for Data Science, AI/ML Jobs in USA #hiring | Karkidi\n\n#rprogramming #pythonprogramming #DataScience #Dataâ€¦","blackpeopledata"
"positive","RT @banthebbc: Because nothing says \"Trust the Science\" more than asking for the data to be hidden for 75 years.\n\nAre we right @Pfizer? ğŸ¤” hâ€¦","RoyalShepherd7"
"neutral","RT @restingnoface: @now_grace @nohomelikeplace What I do to manage it: 1. Root myself in the things (people, activities, routines, values)â€¦","susan_borts"
"neutral","Groetentuinen voor de #minma, #armoede bestrijden met data science en AI en pleidooi voor betere toegankelijkheidâ€¦ https://t.co/6RvSPCaLZN","bijstandsblues"
"negative","RT @ScienceWDrDoug: I donâ€™t know what conclusion to draw from the synthesis of all the data from the last 30 months other than this: Thereâ€¦","friedenserenity"
"positive","A current campaign by @DearSA_national is riddled with climate change denialists puking the most inane, uneducated,â€¦ https://t.co/Ms01DjGq0r","TopEditorInt"
"neutral","RT @markabelan: Visualizing the Biomass of Life ğŸ¦ŠğŸ¦€ğŸ¬ğŸ¦ğŸ¦ƒğŸ“ğŸ¦©ğŸ¦†ğŸŒ³â˜˜ï¸ğŸ„ğŸŒ¼ğŸŒ #biomass #infographic #dataviz #datavisualization #EarthDay22 #earthday #sciâ€¦","willpjsmith"
"neutral","RT @BrieflyWriting: ĞŸÑ€Ğ¸Ğ²ĞµÑ‚. ĞŸĞ¾ÑĞ»Ğµ Ğ½Ğ°Ñ‡Ğ°Ğ»Ğ° Ğ²Ğ¾Ğ¹Ğ½Ñ‹ Ñ Ğ±Ñ‹Ğ» Ğ²Ñ‹Ğ½ÑƒĞ¶Ğ´ĞµĞ½ Ğ±ĞµĞ¶Ğ°Ñ‚ÑŒ Ğ¸Ğ· Ğ Ğ¾ÑÑĞ¸Ğ¸ Ğ² Ğ¡Ğ¨Ğ  Ğ£ Ğ¼ĞµĞ½Ñ Ğ½ĞµÑ‚ Ğ´Ğ¾ĞºÑƒĞ¼ĞµĞ½Ñ‚Ğ¾Ğ²,Ğ¿Ğ¾ÑÑ‚Ğ¾Ğ¼Ñƒ Ñ Ğ¸Ñ‰Ñƒ Ñ€Ğ°Ğ±Ğ¾Ñ‚Ñƒ Ğ·Ğ° Ñ€ÑƒĞ±ĞµĞ¶Ğ¾Ğ¼â€¦","vittoriuz"
"neutral","RT @markabelan: Visualizing the Biomass of Life ğŸ¦ŠğŸ¦€ğŸ¬ğŸ¦ğŸ¦ƒğŸ“ğŸ¦©ğŸ¦†ğŸŒ³â˜˜ï¸ğŸ„ğŸŒ¼ğŸŒ #biomass #infographic #dataviz #datavisualization #EarthDay22 #earthday #sciâ€¦","A_Duval_"
"neutral","RT @Kynsofficial: I want to learn\n\nâ€”&gt;App Development(Flutter/Dart)\nâ€”&gt;Web Development\nâ€”&gt;Python\nâ€”&gt;Data Science and Analysis\nâ€”&gt;Software Engineâ€¦","PearlRuby11"
"negative","RT @dgurdasani1: On science communication:\n\nMe: Deaths with COVID-19 are at 1,956/wk - not clear about peak. ONS death certification data lâ€¦","karenbright21"
"neutral","RT @ChoicesMatter_: \"#GetVaccinated or else!\" B/c nothing says \"#SafeandEffective\" like having ğ—­ğ—˜ğ—¥ğ—¢ liability when injury/death happens posâ€¦","Redredgreenred"
"neutral","RT @markabelan: Visualizing the Biomass of Life ğŸ¦ŠğŸ¦€ğŸ¬ğŸ¦ğŸ¦ƒğŸ“ğŸ¦©ğŸ¦†ğŸŒ³â˜˜ï¸ğŸ„ğŸŒ¼ğŸŒ #biomass #infographic #dataviz #datavisualization #EarthDay22 #earthday #sciâ€¦","NathanWNolte"
"neutral","RT @markabelan: Visualizing the Biomass of Life ğŸ¦ŠğŸ¦€ğŸ¬ğŸ¦ğŸ¦ƒğŸ“ğŸ¦©ğŸ¦†ğŸŒ³â˜˜ï¸ğŸ„ğŸŒ¼ğŸŒ #biomass #infographic #dataviz #datavisualization #EarthDay22 #earthday #sciâ€¦","ramonbartomeus"
"neutral","@Jeffery4Pi @AwayFromTheKeys @ithoughtiwas_u Then Jeanson should have included their DNA in the data. The reason heâ€¦ https://t.co/X7hMjAgkLC","TJaytheist"
"neutral","#Intergenerational Mobility in the USâ€Šâ€”â€ŠA Data Science Problem (1/5) ğŸ“Š #DataScience ğŸ§® #DataVisualizationâ€¦ https://t.co/jd74n3OtCH","Rahul_B"
"negative","RT @dgurdasani1: On science communication:\n\nMe: Deaths with COVID-19 are at 1,956/wk - not clear about peak. ONS death certification data lâ€¦","WanJoring"
"positive","@sarahstuartxx \"Manning has a clear political agenda of wanting data science to ignore gender identity and thereforâ€¦ https://t.co/6oAOaE1gQU","AndromedaAlyxx"
"positive","@StarAdvertiser @Twitter OK, so WHICH science?  All the existing research on climate change don't have the same conâ€¦ https://t.co/qGjADzhMss","FalkenHawke"
"positive","All data science models suggest that #BTC will peak much higher than other's. \nhttps://t.co/46Ga9xC4m4\n\n$SHIB $BTCâ€¦ https://t.co/TQnchFGELx","Nisha97232379"
"neutral","@NextZeroDay @tonochungo @LiviadeVega1 @EraKoffing @afernb Que sÃ­, que sÃ­, tenemos aquÃ­ a la experta del machine leâ€¦ https://t.co/kLrtZ502ff","hombreproactivo"
"negative","RT @ScienceWDrDoug: I donâ€™t know what conclusion to draw from the synthesis of all the data from the last 30 months other than this: Thereâ€¦","WashdogsLincoln"
"positive","All data science models suggest that #BTC will peak much higher than other's. \nhttps://t.co/J6kcue0CWD\n$SHIB $BTCâ€¦ https://t.co/wZJzIq8GwD","Kaliyas2"
"neutral","RT @ChoicesMatter_: \"#GetVaccinated or else!\" B/c nothing says \"#SafeandEffective\" like having ğ—­ğ—˜ğ—¥ğ—¢ liability when injury/death happens posâ€¦","Suc73748811"
"positive","The AUA Board Meeting 2022, held on April 22, confirmed the AUA themes for the next three years: AI and Data Sciencâ€¦ https://t.co/ss4RurlBAN","AUA_sec"
"positive","All data science models suggest that #BTC will peak much higher than other's. âœ…âœ…\nhttps://t.co/RPDfKnJHGN\n\n$SHIBâ€¦ https://t.co/GinhlSZd0f","SusanSouth13"
"neutral","RT @restingnoface: @now_grace @nohomelikeplace What I do to manage it: 1. Root myself in the things (people, activities, routines, values)â€¦","DanaBTisdale"
"positive","RT @chicagoacm: Our next webinar is this Wed,April 27 at 6 PM CST on Natural Language Processing (NLP) Applications: Chatbots and News Feedâ€¦","GadgetMan4U"
"neutral","RT @markabelan: Visualizing the Biomass of Life ğŸ¦ŠğŸ¦€ğŸ¬ğŸ¦ğŸ¦ƒğŸ“ğŸ¦©ğŸ¦†ğŸŒ³â˜˜ï¸ğŸ„ğŸŒ¼ğŸŒ #biomass #infographic #dataviz #datavisualization #EarthDay22 #earthday #sciâ€¦","CABD_UPO_CSIC"
"neutral","â€œThe devil is in the detailâ€ \n\nIn a citizen science study, involved parties are diverse and working closely togetheâ€¦ https://t.co/P1ev0U3czQ","insigniabee_eu"
"positive","RT @YannaiGonch: Easy: Statistics -&gt; Data Science","grg_motta"
"neutral","RT @Abdelbadia_07: Data science interview questions. #BigData #Analytics #DataScience #AI #MachineLearning #IoT #IIoT #PyTorch #Python #RStâ€¦","Cryptikthinker"
"negative","RT @dgurdasani1: On science communication:\n\nMe: Deaths with COVID-19 are at 1,956/wk - not clear about peak. ONS death certification data lâ€¦","cinnamonremote"
"positive","Our next webinar is this Wed,April 27 at 6 PM CST on Natural Language Processing (NLP) Applications: Chatbots and Nâ€¦ https://t.co/mkHqnNaHFN","chicagoacm"
"positive","RT @jessica_xls: For those in the UK ğŸ‡¬ğŸ‡§ or moving there soon, check out this thread for FREE Tech skills bootcamps ranging from Software Deâ€¦","yveqeshy"
"neutral","RT @iikarla: Oigan tenemos muchas vacantes REMOTAS 100% (dentro y fuera de MÃ©xico)\n\nğŸŸ¢ Data Science\nğŸŸ¢ Cybersecurity\nğŸŸ¢ DevOps\nğŸŸ¢ Software Engiâ€¦","elori_valerian"
"negative","RT @ScienceWDrDoug: I donâ€™t know what conclusion to draw from the synthesis of all the data from the last 30 months other than this: Thereâ€¦","WhiteBoyLB"
"positive","RT @21sparksacademy: #DataScience Coding Interview QA\n\n1âƒ£ FizzBuzz\n2âƒ£ Reverse an Integer\n3âƒ£ Find the First Unique Character in a String\n4âƒ£â€¦","Kubernetz"
"neutral","RT @markabelan: Visualizing the Biomass of Life ğŸ¦ŠğŸ¦€ğŸ¬ğŸ¦ğŸ¦ƒğŸ“ğŸ¦©ğŸ¦†ğŸŒ³â˜˜ï¸ğŸ„ğŸŒ¼ğŸŒ #biomass #infographic #dataviz #datavisualization #EarthDay22 #earthday #sciâ€¦","yam"
"neutral","RT @markabelan: Visualizing the Biomass of Life ğŸ¦ŠğŸ¦€ğŸ¬ğŸ¦ğŸ¦ƒğŸ“ğŸ¦©ğŸ¦†ğŸŒ³â˜˜ï¸ğŸ„ğŸŒ¼ğŸŒ #biomass #infographic #dataviz #datavisualization #EarthDay22 #earthday #sciâ€¦","charotaber"
"neutral","RT @ChoicesMatter_: \"#GetVaccinated or else!\" B/c nothing says \"#SafeandEffective\" like having ğ—­ğ—˜ğ—¥ğ—¢ liability when injury/death happens posâ€¦","BeckyJohnson444"
"positive","@ChampoDr D'ailleurs un certain John Snow avait utilisÃ© le raisonnement inverse pour montrer que la propagation duâ€¦ https://t.co/0Ol290TvZn","jbvioix"
"neutral","RT @markabelan: Visualizing the Biomass of Life ğŸ¦ŠğŸ¦€ğŸ¬ğŸ¦ğŸ¦ƒğŸ“ğŸ¦©ğŸ¦†ğŸŒ³â˜˜ï¸ğŸ„ğŸŒ¼ğŸŒ #biomass #infographic #dataviz #datavisualization #EarthDay22 #earthday #sciâ€¦","tax_i_driver"
"neutral","RT @markabelan: Visualizing the Biomass of Life ğŸ¦ŠğŸ¦€ğŸ¬ğŸ¦ğŸ¦ƒğŸ“ğŸ¦©ğŸ¦†ğŸŒ³â˜˜ï¸ğŸ„ğŸŒ¼ğŸŒ #biomass #infographic #dataviz #datavisualization #EarthDay22 #earthday #sciâ€¦","sofia_boujida"
"positive","RT @tunguz: So excited to get my copy of The Kaggle Book! Itâ€™s been an honor to be featured in this amazing book on competative machine leaâ€¦","Paulos239"
"negative","RT @ScienceWDrDoug: I donâ€™t know what conclusion to draw from the synthesis of all the data from the last 30 months other than this: Thereâ€¦","1TooManyAngels"
"neutral","RT @BrieflyWriting: ĞŸÑ€Ğ¸Ğ²ĞµÑ‚. ĞŸĞ¾ÑĞ»Ğµ Ğ½Ğ°Ñ‡Ğ°Ğ»Ğ° Ğ²Ğ¾Ğ¹Ğ½Ñ‹ Ñ Ğ±Ñ‹Ğ» Ğ²Ñ‹Ğ½ÑƒĞ¶Ğ´ĞµĞ½ Ğ±ĞµĞ¶Ğ°Ñ‚ÑŒ Ğ¸Ğ· Ğ Ğ¾ÑÑĞ¸Ğ¸ Ğ² Ğ¡Ğ¨Ğ  Ğ£ Ğ¼ĞµĞ½Ñ Ğ½ĞµÑ‚ Ğ´Ğ¾ĞºÑƒĞ¼ĞµĞ½Ñ‚Ğ¾Ğ²,Ğ¿Ğ¾ÑÑ‚Ğ¾Ğ¼Ñƒ Ñ Ğ¸Ñ‰Ñƒ Ñ€Ğ°Ğ±Ğ¾Ñ‚Ñƒ Ğ·Ğ° Ñ€ÑƒĞ±ĞµĞ¶Ğ¾Ğ¼â€¦","MeiPumpken"
"positive","All data science models suggest that #BTC will peak much higher than other's. âœ…âœ…\nhttps://t.co/x8uSwOEtcS\n\n$SHIBâ€¦ https://t.co/50XVaM8lk2","Eliana23865690"
"neutral","RT @markabelan: Visualizing the Biomass of Life ğŸ¦ŠğŸ¦€ğŸ¬ğŸ¦ğŸ¦ƒğŸ“ğŸ¦©ğŸ¦†ğŸŒ³â˜˜ï¸ğŸ„ğŸŒ¼ğŸŒ #biomass #infographic #dataviz #datavisualization #EarthDay22 #earthday #sciâ€¦","ppoHeisenberg"
"neutral","RT @RemoteTechJobs0: Resource Systems Group is hiring: Senior Analyst - Data Science\n\nRSG is seeking a Senior Analyst to work with our Dataâ€¦","py_data_sci"
"neutral","RT @andradaolteanuu: ğŸ“–\"The @kaggle Book: Data analysis and machine learning for competitive data science\" \nby @tng_konrad and @lucamassaronâ€¦","ML_Tweet_Bot"
"neutral","RT @markabelan: Visualizing the Biomass of Life ğŸ¦ŠğŸ¦€ğŸ¬ğŸ¦ğŸ¦ƒğŸ“ğŸ¦©ğŸ¦†ğŸŒ³â˜˜ï¸ğŸ„ğŸŒ¼ğŸŒ #biomass #infographic #dataviz #datavisualization #EarthDay22 #earthday #sciâ€¦","NewsNeus"
"neutral","RT @andradaolteanuu: ğŸ“–\"The @kaggle Book: Data analysis and machine learning for competitive data science\" \nby @tng_konrad and @lucamassaronâ€¦","i_sHandy"
"positive","All data science models suggest that #BTC will peak much higher than other's. \nhttps://t.co/EcGksLwAkw\n\n$SHIB $BTCâ€¦ https://t.co/naTM6ssHEP","janis_klocko"
"neutral","RT @markabelan: Visualizing the Biomass of Life ğŸ¦ŠğŸ¦€ğŸ¬ğŸ¦ğŸ¦ƒğŸ“ğŸ¦©ğŸ¦†ğŸŒ³â˜˜ï¸ğŸ„ğŸŒ¼ğŸŒ #biomass #infographic #dataviz #datavisualization #EarthDay22 #earthday #sciâ€¦","Hannah_cannot"
"neutral","RT @markabelan: Visualizing the Biomass of Life ğŸ¦ŠğŸ¦€ğŸ¬ğŸ¦ğŸ¦ƒğŸ“ğŸ¦©ğŸ¦†ğŸŒ³â˜˜ï¸ğŸ„ğŸŒ¼ğŸŒ #biomass #infographic #dataviz #datavisualization #EarthDay22 #earthday #sciâ€¦","cbblab1"
"neutral","RT @markabelan: Visualizing the Biomass of Life ğŸ¦ŠğŸ¦€ğŸ¬ğŸ¦ğŸ¦ƒğŸ“ğŸ¦©ğŸ¦†ğŸŒ³â˜˜ï¸ğŸ„ğŸŒ¼ğŸŒ #biomass #infographic #dataviz #datavisualization #EarthDay22 #earthday #sciâ€¦","AutodidacteA_Z"
"negative","RT @ScienceWDrDoug: I donâ€™t know what conclusion to draw from the synthesis of all the data from the last 30 months other than this: Thereâ€¦","SamLam89853044"
"negative","RT @ScienceWDrDoug: I donâ€™t know what conclusion to draw from the synthesis of all the data from the last 30 months other than this: Thereâ€¦","harryc2017"
"neutral","RT @ChoicesMatter_: \"#GetVaccinated or else!\" B/c nothing says \"#SafeandEffective\" like having ğ—­ğ—˜ğ—¥ğ—¢ liability when injury/death happens posâ€¦","ChrisRi80029765"
"neutral","RT @markabelan: Visualizing the Biomass of Life ğŸ¦ŠğŸ¦€ğŸ¬ğŸ¦ğŸ¦ƒğŸ“ğŸ¦©ğŸ¦†ğŸŒ³â˜˜ï¸ğŸ„ğŸŒ¼ğŸŒ #biomass #infographic #dataviz #datavisualization #EarthDay22 #earthday #sciâ€¦","rpmraul77"
"neutral","RT @lucy3_li: Starting a running list of opportunities for people who wish to gain research experience after graduating undergrad, and befoâ€¦","heghbalz"
"neutral","Sr. Recruiter, Data Science and Analytics - United States Senate, Washington D .C. - Travelers Insurance https://t.co/n6pagXoOYz","actuaryjobtweet"
"neutral","RT @markabelan: Visualizing the Biomass of Life ğŸ¦ŠğŸ¦€ğŸ¬ğŸ¦ğŸ¦ƒğŸ“ğŸ¦©ğŸ¦†ğŸŒ³â˜˜ï¸ğŸ„ğŸŒ¼ğŸŒ #biomass #infographic #dataviz #datavisualization #EarthDay22 #earthday #sciâ€¦","K_DimitriKits"
"neutral","RT @markabelan: Visualizing the Biomass of Life ğŸ¦ŠğŸ¦€ğŸ¬ğŸ¦ğŸ¦ƒğŸ“ğŸ¦©ğŸ¦†ğŸŒ³â˜˜ï¸ğŸ„ğŸŒ¼ğŸŒ #biomass #infographic #dataviz #datavisualization #EarthDay22 #earthday #sciâ€¦","jmkorhonen"
"positive","RT @machinelearnflx: How Much Math Do I Need In Data Science? https://t.co/WiTOI58DBW  #DataScience","Raquel_armas"
"neutral","RT @Kynsofficial: I want to learn\n\nâ€”&gt;App Development(Flutter/Dart)\nâ€”&gt;Web Development\nâ€”&gt;Python\nâ€”&gt;Data Science and Analysis\nâ€”&gt;Software Engineâ€¦","sirlumixe"
"neutral","RT @markabelan: Visualizing the Biomass of Life ğŸ¦ŠğŸ¦€ğŸ¬ğŸ¦ğŸ¦ƒğŸ“ğŸ¦©ğŸ¦†ğŸŒ³â˜˜ï¸ğŸ„ğŸŒ¼ğŸŒ #biomass #infographic #dataviz #datavisualization #EarthDay22 #earthday #sciâ€¦","supergingerdave"
"negative","RT @dgurdasani1: On science communication:\n\nMe: Deaths with COVID-19 are at 1,956/wk - not clear about peak. ONS death certification data lâ€¦","clarelefoster"
"negative","RT @ScienceWDrDoug: I donâ€™t know what conclusion to draw from the synthesis of all the data from the last 30 months other than this: Thereâ€¦","jolinenblue"
"neutral","RT @markabelan: Visualizing the Biomass of Life ğŸ¦ŠğŸ¦€ğŸ¬ğŸ¦ğŸ¦ƒğŸ“ğŸ¦©ğŸ¦†ğŸŒ³â˜˜ï¸ğŸ„ğŸŒ¼ğŸŒ #biomass #infographic #dataviz #datavisualization #EarthDay22 #earthday #sciâ€¦","bgmole"